{
  "status": "finished",
  "mp2_1": {
    "verdict": "error: unable to parse vmprint entry '    0: pte=0x0000000087f53000 va=0x0000000000000000 pa=0x0000000087f4f000 V': unable to parse entry '    0: pte=0x0000000087f53000 va=0x0000000000000000 pa=0x0000000087f4f000 V'",
    "has_trailing_spaces": false,
  },
  "mp2_2": {
    "verdict": "Program part I failed with error: unable to parse vmprint entry '    0: pte=0x0000000087f53000 va=0x0000000000000000 pa=0x0000000087f4f000 V': unable to parse entry '    0: pte=0x0000000087f53000 va=0x0000000000000000 pa=0x0000000087f4f000 V'",
    "has_trailing_spaces": false,
  },
  "mp2_3": {
    "verdict": "madvise(MADV_NORMAL) test passed \npage fault test failed with error: unable to parse vmprint entry '    0: pte=0x0000000087f53000 va=0x0000000000000000 pa=0x0000000087f4f000 V': unable to parse entry '    0: pte=0x0000000087f53000 va=0x0000000000000000 pa=0x0000000087f4f000 V'",
    "has_trailing_spaces": false,
  },
  "mp2_4": {
    "verdict": "page fault test failed with error: unable to parse vmprint entry '    0: pte=0x0000000087f53000 va=0x0000000000000000 pa=0x0000000087f4f000 V': unable to parse entry '    0: pte=0x0000000087f53000 va=0x0000000000000000 pa=0x0000000087f4f000 V'",
    "has_trailing_spaces": false,
  },
  "mp2_5": {
    "verdict": "page fault test 1 failed with error: unable to parse vmprint entry '    0: pte=0x0000000087f53000 va=0x0000000000000000 pa=0x0000000087f4f000 V': unable to parse entry '    0: pte=0x0000000087f53000 va=0x0000000000000000 pa=0x0000000087f4f000 V'",
    "has_trailing_spaces": false,
  },
  "violations": {
    "has_invalid_zip_file_name": false,
    "has_unnecessary_files": false,
    "has_trailing_spaces": false,
     "invalid_folder_structure": true
 },
}
