{
  "status": "finished",
  "mp2_1": {
    "verdict": "pass",
    "has_trailing_spaces": false,
  },
  "mp2_2": {
    "verdict": "Program part I failed with error: expect 3 child nodes, but get 5 in line in line '│   └── 0: pte=0x0000000087f45000 va=0x0000000000000000 pa=0x0000000087f44000 V'",
    "has_trailing_spaces": false,
  },
  "mp2_3": {
    "verdict": "madvise(MADV_NORMAL) test failed with error: unexpected output: panic: not implemented yet",
    "has_trailing_spaces": false,
  },
  "mp2_4": {
    "verdict": "page fault test failed with error: expect 4 child nodes, but get 6 in line in line '│   └── 0: pte=0x0000000087f45000 va=0x0000000000000000 pa=0x0000000087f44000 V'",
    "has_trailing_spaces": false,
  },
  "mp2_5": {
    "verdict": "page fault test 1 failed with error: expect 4 child nodes, but get 6 in line in line '│   └── 0: pte=0x0000000087f45000 va=0x0000000000000000 pa=0x0000000087f44000 V'",
    "has_trailing_spaces": false,
  },
  "violations": {
    "has_invalid_zip_file_name": false,
    "has_unnecessary_files": false,
    "has_trailing_spaces": false
  },
}