{
  "status": "finished",
  "mp2_1": {
    "verdict": "pass",
    "has_trailing_spaces": false,
  },
  "mp2_2": {
    "verdict": "Program part I passed \nsbrk(PGSIZE * 2) and page fault test passed \nsbrk(-PGSIZE * 2) test passed ",
    "has_trailing_spaces": false,
  },
  "mp2_3": {
    "verdict": "madvise(MADV_NORMAL) test passed \npage fault test passed \nmadvise(MADV_DONTNEED) test failed with error: cannot continue entry from '│       └── 2: pte=0x0000000087f52010 va=0x0000000000002000 pa=0x0000000087f50000 V R W X U' to '│       └── 4: pte=0x0000000087f52020 va=0x0000000000004000 blockno=0x00000000000002f8 R W X U S'",
    "has_trailing_spaces": false,
  },
  "mp2_4": {
    "verdict": "page fault test passed\nmadvise(MADV_DONTNEED) test failed with error: cannot continue entry from '│       └── 2: pte=0x0000000087f52010 va=0x0000000000002000 pa=0x0000000087f50000 V R W X U' to '│       └── 4: pte=0x0000000087f52020 va=0x0000000000004000 blockno=0x00000000000002f8 R W X U S'",
    "has_trailing_spaces": false,
  },
  "mp2_5": {
    "verdict": "page fault test 1 passed\nmadvise(MADV_DONTNEED) test 1 failed with error: cannot continue entry from '│       └── 2: pte=0x0000000087f52010 va=0x0000000000002000 pa=0x0000000087f50000 V R W X U' to '│       └── 4: pte=0x0000000087f52020 va=0x0000000000004000 blockno=0x00000000000002f8 R W X U S'",
    "has_trailing_spaces": false,
  },
  "violations": {
    "has_invalid_zip_file_name": false,
    "has_unnecessary_files": false,
    "has_trailing_spaces": false
  },
}