{
  "status": "finished",
  "mp2_1": {
    "verdict": "pass",
    "has_trailing_spaces": false,
  },
  "mp2_2": {
    "verdict": "Program part I passed \nsbrk(PGSIZE * 2) and page fault test passed \nsbrk(-PGSIZE * 2) test passed ",
    "has_trailing_spaces": false,
  },
  "mp2_3": {
    "verdict": "madvise(MADV_NORMAL) test passed \npage fault test passed \nmadvise(MADV_DONTNEED) test passed ",
    "has_trailing_spaces": false,
  },
  "mp2_4": {
    "verdict": "page fault test passed\nmadvise(MADV_DONTNEED) test passed \nmadvise(MADV_WILLNEED) test passed ",
    "has_trailing_spaces": false,
  },
  "mp2_5": {
    "verdict": "page fault test 1 passed\nmadvise(MADV_DONTNEED) test 1 passed\npage fault test 2 failed with error: expect '# After page fault (2)', but get 'error: data integrity test failed'",
    "has_trailing_spaces": false,
  },
  "violations": {
    "has_invalid_zip_file_name": false,
    "has_unnecessary_files": true,
    "has_trailing_spaces": false
  },
}