{
  "status": "finished",
  "mp2_1": {
    "verdict": "error: expect pte = 0x0000000087f57000, but get 0x0000000021fd4c01 in line '├── 0: pte=0x0000000021fd4c01 va=0x0000000000000000 pa=0x0000000087f53000 V'",
    "has_trailing_spaces": false,
  },
  "mp2_2": {
    "verdict": "Program part I failed with error: expect pte = 0x0000000087f57000, but get 0x0000000021fd4c01 in line '├── 0: pte=0x0000000021fd4c01 va=0x0000000000000000 pa=0x0000000087f53000 V'",
    "has_trailing_spaces": false,
  },
  "mp2_3": {
    "verdict": "madvise(MADV_NORMAL) test failed with error: unexpected output: madvise: memory region exceeds the process memory size.",
    "has_trailing_spaces": false,
  },
  "mp2_4": {
    "verdict": "page fault test failed with error: expect pte = 0x0000000087f57000, but get 0x0000000021fd4c01 in line '├── 0: pte=0x0000000021fd4c01 va=0x0000000000000000 pa=0x0000000087f53000 V'",
    "has_trailing_spaces": false,
  },
  "mp2_5": {
    "verdict": "page fault test 1 failed with error: expect pte = 0x0000000087f57000, but get 0x0000000021fd4c01 in line '├── 0: pte=0x0000000021fd4c01 va=0x0000000000000000 pa=0x0000000087f53000 V'",
    "has_trailing_spaces": false,
  },
  "violations": {
    "has_invalid_zip_file_name": false,
    "has_unnecessary_files": true,
    "has_trailing_spaces": false
  },
}