{
  "status": "finished",
  "mp2_1": {
    "verdict": "error: expect page table [address]",
    "has_trailing_spaces": false,
  },
  "mp2_2": {
    "verdict": "Program part I failed with error: expect '# Before sbrk(PGSIZE * 2)', but get 'papa: 0x0000000087f5a000'",
    "has_trailing_spaces": false,
  },
  "mp2_3": {
    "verdict": "madvise(MADV_NORMAL) test failed with error: unexpected output: papa: 0x0000000087f5a000",
    "has_trailing_spaces": false,
  },
  "mp2_4": {
    "verdict": "page fault test failed with error: expect '# After page fault', but get 'papa: 0x0000000087f5a000'",
    "has_trailing_spaces": false,
  },
  "mp2_5": {
    "verdict": "page fault test 1 failed with error: expect '# After page fault (1)', but get 'papa: 0x0000000087f5a000'",
    "has_trailing_spaces": false,
  },
  "violations": {
    "has_invalid_zip_file_name": false,
    "has_unnecessary_files": false,
    "has_trailing_spaces": false
  },
}