{
  "status": "finished",
  "mp2_1": {
    "verdict": "error: expect va = 0x0000003ffffff000, but get 0x00000000fffff000 in line '        └── 511: pte=0x0000000087f55ff8 va=0x00000000fffff000 pa=0x0000000080007000 V R X'",
    "has_trailing_spaces": false,
  },
  "mp2_2": {
    "verdict": "Program part I failed with error: expect va = 0x0000003ffffff000, but get 0x00000000fffff000 in line '        └── 511: pte=0x0000000087f55ff8 va=0x00000000fffff000 pa=0x0000000080007000 V R X'",
    "has_trailing_spaces": false,
  },
  "mp2_3": {
    "verdict": "madvise(MADV_NORMAL) test passed \npage fault test failed with error: expect va = 0x0000003ffffff000, but get 0x00000000fffff000 in line '        └── 511: pte=0x0000000087f55ff8 va=0x00000000fffff000 pa=0x0000000080007000 V R X'",
    "has_trailing_spaces": false,
  },
  "mp2_4": {
    "verdict": "page fault test failed with error: expect va = 0x0000003ffffff000, but get 0x00000000fffff000 in line '        └── 511: pte=0x0000000087f55ff8 va=0x00000000fffff000 pa=0x0000000080007000 V R X'",
    "has_trailing_spaces": false,
  },
  "mp2_5": {
    "verdict": "page fault test 1 failed with error: expect va = 0x0000003ffffff000, but get 0x00000000fffff000 in line '        └── 511: pte=0x0000000087f55ff8 va=0x00000000fffff000 pa=0x0000000080007000 V R X'",
    "has_trailing_spaces": false,
  },
  "violations": {
    "has_invalid_zip_file_name": false,
    "has_unnecessary_files": true,
    "has_trailing_spaces": false
  },
}