{
  "status": "finished",
  "mp2_1": {
    "verdict": "pass",
    "has_trailing_spaces": false,
  },
  "mp2_2": {
    "verdict": "Program part I passed \nsbrk(PGSIZE * 2) and page fault test passed \nsbrk(-PGSIZE * 2) test passed ",
    "has_trailing_spaces": false,
  },
  "mp2_3": {
    "verdict": "madvise(MADV_NORMAL) test passed \npage fault test passed \nmadvise(MADV_DONTNEED) test passed ",
    "has_trailing_spaces": false,
  },
  "mp2_4": {
    "verdict": "page fault test passed\nmadvise(MADV_DONTNEED) test passed \nmadvise(MADV_WILLNEED) test passed ",
    "has_trailing_spaces": false,
  },
  "mp2_5": {
    "verdict": "page fault test 1 passed\nmadvise(MADV_DONTNEED) test 1 passed\npage fault test 2 passed \nmadvise(MADV_WILLNEED) test 1 failed with error: expect 5 child nodes, but get 4 in line in line '│   └── 0: pte=0x0000000087f53000 va=0x0000000000000000 pa=0x0000000087f52000 V'",
    "has_trailing_spaces": false,
  },
  "violations": {
    "has_invalid_zip_file_name": false,
    "has_unnecessary_files": false,
    "has_trailing_spaces": false
  },
}